<?xml version="1.0" encoding="UTF-8"?>
<beans xmlns="http://www.springframework.org/schema/beans"
       xmlns:xsi="http://www.w3.org/2001/XMLSchema-instance"
       xmlns:rabbit="http://www.springframework.org/schema/rabbit"
       xsi:schemaLocation="http://www.springframework.org/schema/beans
        http://www.springframework.org/schema/beans/spring-beans.xsd
        http://www.springframework.org/schema/rabbit
        http://www.springframework.org/schema/rabbit/spring-rabbit.xsd">

 
    <rabbit:connection-factory id="connectionFactory" host="localhost" username="airport" password="airport"/>
 
    <rabbit:admin connection-factory="connectionFactory" />

 
<!-- *********** DIRECT EXCHANGE ***************** -->
	<rabbit:queue name="flightQueue" durable="true"/>
 
	 <rabbit:direct-exchange name="flight" durable="true">
	  <rabbit:bindings>
	   <rabbit:binding queue="flightQueue" key="flight.key"></rabbit:binding>
 	  </rabbit:bindings>
	 </rabbit:direct-exchange>

<!-- **************** DIRECT PRODUCER  -->
<!-- This producer will publish with this routing key [essentially to queue directQueue] associated with it...] -->
    <rabbit:template id="directTemplate" connection-factory="connectionFactory"
                     reply-timeout="2000" routing-key="flight.key"
                     exchange="flight" />
 
 
 
</beans>
